Well ID,Temperature,Pressure,Flow Rate,Vibration,Humidity,Fault Detected,Suggested Action
Well 1,76.22,3.48,33.55,80.36,64.32,Overheat,Inspect cooling system
Well 2,116.55,6.34,32.23,87.8,78.33,Pressure Drop,Check valve integrity
Well 3,101.24,8.98,91.56,55.03,75.61,Overheat,Inspect cooling system
Well 4,91.91,7.86,32.46,77.49,39.23,Pressure Drop,Check valve integrity
Well 5,60.92,8.45,34.48,74.3,38.95,Pressure Drop,Check valve integrity
Well 6,60.92,7.27,78.35,89.97,46.09,Overheat,Inspect cooling system
Well 7,54.07,7.54,50.48,94.37,51.66,Leak Detected,Check seals and pipelines
Well 8,110.63,8.79,79.9,40.73,54.51,Pressure Drop,Check valve integrity
Well 9,92.08,4,15.88,80.44,70.78,Overheat,Inspect cooling system
Well 10,99.57,5.92,53.88,43.11,33.4,Normal,—
Well 11,51.44,3.77,13.03,72.93,32.08,Overheat,Inspect cooling system
Well 12,117.89,9.9,15.64,57.26,53.51,Normal,—
Well 13,108.27,9.55,91.58,58.41,71.83,Pressure Drop,Check valve integrity
Well 14,64.86,2.32,22.53,61.18,41.61,Overheat,Inspect cooling system
Well 15,62.73,7.64,57.92,77.28,68.49,Overheat,Inspect cooling system
Well 16,62.84,9.4,47,60.04,45.59,Normal,—
Well 17,71.3,3.44,41.26,83.96,83.17,Overheat,Inspect cooling system
Well 18,86.73,6.54,90.99,64.27,83.74,Overheat,Inspect cooling system
Well 19,80.24,9.32,11.96,44.1,47.84,Pressure Drop,Check valve integrity
Well 20,70.39,2.27,69.74,87.03,43.8,Overheat,Inspect cooling system
Well 21,92.83,7.58,96.71,57.15,54.68,Leak Detected,Check seals and pipelines
Well 22,59.76,4.38,60.42,65.97,44.43,Normal,—
Well 23,70.45,9.4,94.31,81.13,70.34,Overheat,Inspect cooling system
Well 24,75.65,9.77,14.7,59.95,79.56,Normal,—
Well 25,81.92,9.55,47.69,43.4,70.39,Normal,—
Well 26,104.96,5.79,33.41,62.44,79.46,Normal,—
Well 27,63.98,8.9,75.77,96.67,53.82,Overheat,Inspect cooling system
Well 28,86,8.76,98.32,78.5,39.38,Overheat,Inspect cooling system
Well 29,91.47,4.55,33.09,80.29,74.28,Normal,—
Well 30,53.25,8.63,68.88,77.94,51.63,Leak Detected,Check seals and pipelines
Well 31,92.53,2.3,27.83,51.94,70.28,Normal,—
Well 32,61.94,6.77,60.88,65.1,46.24,Leak Detected,Check seals and pipelines
Well 33,54.55,3.84,51.75,85.06,34.87,Normal,—
Well 34,116.42,2.96,97.48,46.08,89.55,Pressure Drop,Check valve integrity
Well 35,117.59,2.62,64.77,56.67,39.37,Normal,—
Well 36,106.59,7.57,41.46,56.58,89.31,Normal,—
Well 37,71.32,4.72,20.27,65.92,88.64,Overheat,Inspect cooling system
Well 38,56.84,7.8,23.61,98.82,77.63,Leak Detected,Check seals and pipelines
Well 39,97.9,2.52,30.28,44.05,69.57,Pressure Drop,Check valve integrity
Well 40,80.81,4.52,32.59,71.12,64.67,Leak Detected,Check seals and pipelines
Well 41,58.54,6.32,86.56,50.76,81.97,Pressure Drop,Check valve integrity
Well 42,84.66,8.33,60.51,98.24,47.37,Normal,—
Well 43,52.41,4.55,57.11,46.8,58.06,Overheat,Inspect cooling system
Well 44,113.65,7.01,20.33,64.22,67.16,Overheat,Inspect cooling system
Well 45,68.11,9.09,87.41,84.27,54.67,Leak Detected,Check seals and pipelines
Well 46,96.38,6.93,75.05,82.27,55.65,Overheat,Inspect cooling system
Well 47,71.82,3.86,16.09,65.36,49.82,Leak Detected,Check seals and pipelines
Well 48,86.4,2.2,73.71,60.79,63.85,Leak Detected,Check seals and pipelines
Well 49,88.27,8.96,58.92,63.86,81.03,Pressure Drop,Check valve integrity
Well 50,62.94,2.17,17.36,55.86,42.09,Leak Detected,Check seals and pipelines
Well 51,117.87,9,51.25,52.32,86.07,Pressure Drop,Check valve integrity
Well 52,104.26,6.23,53.62,68.98,71.35,Overheat,Inspect cooling system
Well 53,115.76,9.51,24.92,56.11,79.4,Leak Detected,Check seals and pipelines
Well 54,112.64,8.39,95.11,57.25,63.37,Leak Detected,Check seals and pipelines
Well 55,91.85,9.98,86.5,79.41,76.77,Normal,—
Well 56,114.53,4.81,70.21,98.11,30.97,Leak Detected,Check seals and pipelines
Well 57,56.19,8.14,51.61,76.22,79.1,Leak Detected,Check seals and pipelines
Well 58,63.72,5.22,47.06,44.62,32.41,Normal,—
Well 59,53.17,5.84,68.59,44.54,83.39,Normal,—
Well 60,72.77,7.02,59.09,97.09,89.52,Overheat,Inspect cooling system
Well 61,77.21,8.99,15.6,57.84,47.64,Leak Detected,Check seals and pipelines
Well 62,68.99,9.87,56.13,45.52,42.62,Overheat,Inspect cooling system
Well 63,108.01,8.15,82.58,75.94,75.92,Overheat,Inspect cooling system
Well 64,74.97,5.34,51.33,77.42,45.18,Normal,—
Well 65,69.67,5.37,14.68,78.91,81.93,Pressure Drop,Check valve integrity
Well 66,87.99,7.9,80.77,56.04,36.17,Overheat,Inspect cooling system
Well 67,59.86,3.91,28.12,40.91,37.56,Pressure Drop,Check valve integrity
Well 68,106.15,2.88,33.28,97.9,88.75,Leak Detected,Check seals and pipelines
Well 69,55.22,4.84,24.82,55.05,70.43,Normal,—
Well 70,119.08,4.3,39.72,80.56,80.81,Leak Detected,Check seals and pipelines
Well 71,104.06,4.37,78.11,82.4,49.46,Leak Detected,Check seals and pipelines
Well 72,63.91,3.87,56.74,76.6,70.59,Normal,—
Well 73,50.39,2.34,28.44,58.77,65.65,Leak Detected,Check seals and pipelines
Well 74,107.08,2.14,89,56.27,66.19,Normal,—
Well 75,99.48,9.9,89.16,75.86,70.95,Pressure Drop,Check valve integrity
Well 76,101.03,5.42,88.35,91.97,64.52,Leak Detected,Check seals and pipelines
Well 77,103.99,5.07,31.49,96.8,55.74,Normal,—
Well 78,55.18,7.44,50.61,46.35,46.56,Overheat,Inspect cooling system
Well 79,75.09,3.75,98.65,49.29,76.11,Leak Detected,Check seals and pipelines
Well 80,58.11,9.6,79.48,96.68,43.58,Pressure Drop,Check valve integrity
Well 81,110.42,8.29,12.45,84.19,71.54,Normal,—
Well 82,93.63,2.72,15.87,92.98,44,Leak Detected,Check seals and pipelines
Well 83,73.16,5.34,51.75,52.16,67.52,Leak Detected,Check seals and pipelines
Well 84,54.45,9.03,91.83,75.26,74.82,Leak Detected,Check seals and pipelines
Well 85,71.77,9.56,58.48,82.07,43.12,Pressure Drop,Check valve integrity
Well 86,72.76,5.74,54.8,80.81,33.6,Normal,—
Well 87,101.07,6.91,19.49,64.49,37.86,Overheat,Inspect cooling system
Well 88,94.63,3.34,69.11,40.92,66.36,Overheat,Inspect cooling system
Well 89,112.1,9.93,83.99,74.98,80.97,Overheat,Inspect cooling system
Well 90,83.06,3.85,44.24,55.19,32.7,Normal,—
Well 91,58.37,9.54,79.81,67.02,74.05,Overheat,Inspect cooling system
Well 92,99.93,7.2,96.8,97.45,50.48,Pressure Drop,Check valve integrity
Well 93,103.25,6.86,28.34,63.94,58.71,Normal,—
Well 94,89.29,6.1,57.1,90.39,85.73,Leak Detected,Check seals and pipelines
Well 95,103.97,3.85,35.84,51.31,49.92,Pressure Drop,Check valve integrity
Well 96,84.57,3.41,81.36,80.35,57.92,Leak Detected,Check seals and pipelines
Well 97,86.59,3.76,61.98,98.62,30.82,Overheat,Inspect cooling system
Well 98,79.93,3.49,67.11,46.11,34.9,Pressure Drop,Check valve integrity
Well 99,51.78,8.24,81.81,40.5,45.52,Normal,—
Well 100,57.55,4.8,45.64,66.01,31.67,Pressure Drop,Check valve integrity
Well 101,52.2,2.46,92.36,45.56,67.88,Leak Detected,Check seals and pipelines
Well 102,94.55,9.75,57.97,84.9,55.58,Normal,—
Well 103,72,9.07,24.22,94.87,62.89,Pressure Drop,Check valve integrity
Well 104,85.6,9.42,72.63,66.04,40.48,Pressure Drop,Check valve integrity
Well 105,113.53,9.96,81.39,55.52,47.76,Pressure Drop,Check valve integrity
Well 106,67.45,3.39,38.51,66.06,69.83,Pressure Drop,Check valve integrity
Well 107,78.73,5.17,87.15,83.41,87.92,Normal,—
Well 108,102.89,8.07,91.55,40.54,33.03,Leak Detected,Check seals and pipelines
Well 109,66.02,7.57,34.92,75.37,83.42,Pressure Drop,Check valve integrity
Well 110,55.39,3.23,98.52,76.8,64.61,Normal,—
Well 111,70.28,8.53,22.66,78.26,63.84,Leak Detected,Check seals and pipelines
Well 112,61.29,3.8,28.18,54.52,60.02,Pressure Drop,Check valve integrity
Well 113,115.08,3.79,26.58,82.84,34.16,Leak Detected,Check seals and pipelines
Well 114,106.57,6.3,90.46,45.48,35.39,Leak Detected,Check seals and pipelines
Well 115,94.34,6.74,68.89,51.96,66.05,Normal,—
Well 116,111,6.64,23.69,92.65,50.46,Leak Detected,Check seals and pipelines
Well 117,106.26,2.73,49.63,84.32,85.04,Normal,—
Well 118,63.06,9.02,65.38,40.82,54.4,Pressure Drop,Check valve integrity
Well 119,112.48,4.12,17.51,54.9,38.6,Leak Detected,Check seals and pipelines
Well 120,87.75,3.04,89.42,52.86,72.88,Leak Detected,Check seals and pipelines
Well 121,106.52,9.11,82.32,56.25,47.6,Overheat,Inspect cooling system
Well 122,112.73,9.65,55.47,54.85,61.53,Pressure Drop,Check valve integrity
Well 123,72.26,8.9,97.04,43.75,71.87,Pressure Drop,Check valve integrity
Well 124,57.7,8.48,47.6,67.54,84.02,Overheat,Inspect cooling system
Well 125,65.96,7.24,98.57,83.96,77.53,Overheat,Inspect cooling system
Well 126,79.9,6.41,70.11,76.4,70.58,Normal,—
Well 127,107.26,2.7,67.12,80.37,70.78,Normal,—
Well 128,110.25,5.27,24.94,44.87,86.76,Leak Detected,Check seals and pipelines
Well 129,50.49,4.98,89.37,97.09,47.75,Leak Detected,Check seals and pipelines
Well 130,85.75,4.08,48.47,90.31,30.07,Leak Detected,Check seals and pipelines
Well 131,79.22,7.79,24.6,88.31,46.32,Leak Detected,Check seals and pipelines
Well 132,65.55,5.97,11.13,89.38,43.07,Normal,—
Well 133,58.39,2.65,60.38,95.96,69.71,Pressure Drop,Check valve integrity
Well 134,73.63,3.76,57.47,72.66,68.02,Leak Detected,Check seals and pipelines
Well 135,116,7.47,74.74,52.02,65.61,Pressure Drop,Check valve integrity
Well 136,72.62,2.61,90.12,77.01,30.97,Leak Detected,Check seals and pipelines
Well 137,86.32,8.81,17.15,84.57,73.73,Overheat,Inspect cooling system
Well 138,99.21,5.96,75.83,84.28,49.41,Leak Detected,Check seals and pipelines
Well 139,75.45,5.84,26.87,71.29,69.9,Leak Detected,Check seals and pipelines
Well 140,118.02,6.74,87.24,44.11,63.39,Leak Detected,Check seals and pipelines
Well 141,117.37,8.6,83.72,62.27,50.56,Normal,—
Well 142,67.62,4.78,58.67,95.25,38.07,Overheat,Inspect cooling system
Well 143,84.81,7.42,73.92,75.07,35.67,Leak Detected,Check seals and pipelines
Well 144,71.06,6.53,38.29,72.3,79.89,Leak Detected,Check seals and pipelines
Well 145,69.94,4.14,52.41,56.13,85.1,Pressure Drop,Check valve integrity
Well 146,52.58,9.03,83.95,62.11,68.99,Overheat,Inspect cooling system
Well 147,92.67,8.38,51.33,93.72,36.21,Leak Detected,Check seals and pipelines
Well 148,85.19,7.27,42.2,79.99,54.12,Pressure Drop,Check valve integrity
Well 149,53.6,8.8,54.48,87.24,73.74,Pressure Drop,Check valve integrity
Well 150,69.51,8.94,84.54,67.26,76.79,Normal,—
Well 151,113.58,7.67,40.17,77.81,37.09,Pressure Drop,Check valve integrity
Well 152,66.77,8.7,25.64,54.9,30,Leak Detected,Check seals and pipelines
Well 153,60.14,7.58,74.08,82.33,72.73,Normal,—
Well 154,84.26,7.44,84.34,65.66,51.4,Normal,—
Well 155,119,6.95,19.06,66.55,45.27,Leak Detected,Check seals and pipelines
Well 156,66.94,8.02,31.59,78.96,30.77,Overheat,Inspect cooling system
Well 157,97.05,3.27,22.78,96.18,62.42,Pressure Drop,Check valve integrity
Well 158,103.31,9.05,41.31,43.84,81.07,Normal,—
Well 159,66.63,8.97,50.53,89.48,87.46,Overheat,Inspect cooling system
Well 160,100.98,2.23,77.39,57.54,63.94,Leak Detected,Check seals and pipelines
Well 161,75.74,8.61,68.6,66.64,60.87,Pressure Drop,Check valve integrity
Well 162,94.26,3.03,65.88,41.31,35.1,Pressure Drop,Check valve integrity
Well 163,94.35,4.68,41.71,58.06,62.93,Normal,—
Well 164,87.5,7.95,85.73,70.16,52.8,Pressure Drop,Check valve integrity
Well 165,56.32,3.29,52.42,43.37,66.43,Pressure Drop,Check valve integrity
Well 166,108.47,8.54,98.12,69.47,53.32,Pressure Drop,Check valve integrity
Well 167,72.45,8.66,67.07,95.63,44.42,Pressure Drop,Check valve integrity
Well 168,63.06,6.06,21.36,46.32,35.7,Leak Detected,Check seals and pipelines
Well 169,52.85,2.05,70.86,85.87,48.9,Overheat,Inspect cooling system
Well 170,91.36,4.3,39.26,64.58,35.8,Leak Detected,Check seals and pipelines
Well 171,97.43,6.94,71.77,79.31,40.61,Leak Detected,Check seals and pipelines
Well 172,51.16,9.85,16.27,55.61,89.24,Normal,—
Well 173,85.85,7.05,25.74,49.57,56.65,Pressure Drop,Check valve integrity
Well 174,65.85,4.08,87.02,49.63,61.91,Leak Detected,Check seals and pipelines
Well 175,95.16,7.07,30.45,44.23,82.42,Pressure Drop,Check valve integrity
Well 176,62.21,6.32,85.33,51.14,89.73,Leak Detected,Check seals and pipelines
Well 177,98.37,8.24,35.13,79.85,64.96,Leak Detected,Check seals and pipelines
Well 178,77.07,2.86,67.86,92.9,78.75,Normal,—
Well 179,115.57,8.09,72.47,88.85,49.62,Overheat,Inspect cooling system
Well 180,59.63,6.33,56.14,81.11,48.34,Overheat,Inspect cooling system
Well 181,73.87,9.7,37.48,46.63,54.16,Leak Detected,Check seals and pipelines
Well 182,57.94,4.73,29.14,57.35,70.35,Normal,—
Well 183,114.73,7.06,12.99,58.59,70.93,Pressure Drop,Check valve integrity
Well 184,111.41,9.46,37.36,55,48.91,Pressure Drop,Check valve integrity
Well 185,68.06,2.82,68.78,70.9,37.99,Leak Detected,Check seals and pipelines
Well 186,96.2,9.5,94.45,72.13,67.94,Overheat,Inspect cooling system
Well 187,107.21,7.5,88.41,61.41,37.7,Normal,—
Well 188,88.86,2.54,78.95,61.23,64.71,Overheat,Inspect cooling system
Well 189,87.08,4.41,80.96,89.71,71.61,Pressure Drop,Check valve integrity
Well 190,66.93,7.67,69.85,87.36,72.04,Overheat,Inspect cooling system
Well 191,56.52,2.54,33.43,58.47,75.21,Pressure Drop,Check valve integrity
Well 192,112.81,6.66,91.65,94.83,82.37,Normal,—
Well 193,113.03,4.77,70.37,97.17,60,Normal,—
Well 194,94.32,6.97,60.44,59.6,73.81,Leak Detected,Check seals and pipelines
Well 195,73.73,2.37,19.99,61.27,67.15,Leak Detected,Check seals and pipelines
Well 196,74.44,8.97,50.23,70.34,41.2,Overheat,Inspect cooling system
Well 197,100.82,9.79,51.43,96.47,31.54,Normal,—
Well 198,112.8,9.75,87.81,92.58,47.07,Normal,—
Well 199,112.1,8,59.2,46.15,56.58,Leak Detected,Check seals and pipelines
Well 200,104.59,3.04,44.24,63.56,67.03,Pressure Drop,Check valve integrity
Well 201,94.94,8.07,97.91,73.2,81,Overheat,Inspect cooling system
Well 202,55.89,2.2,19.96,70.19,41.77,Overheat,Inspect cooling system
Well 203,61.31,2.18,48.03,51.63,37.53,Leak Detected,Check seals and pipelines
Well 204,112.9,4.59,13.78,91.53,87.81,Normal,—
Well 205,92.45,5.91,76.59,80.62,36.48,Leak Detected,Check seals and pipelines
Well 206,50.64,8.16,92.63,90.27,58.71,Leak Detected,Check seals and pipelines
Well 207,57.1,7.47,35.2,91.53,65.13,Leak Detected,Check seals and pipelines
Well 208,96.45,5.57,87.25,84.9,62.48,Leak Detected,Check seals and pipelines
Well 209,50.35,4.19,36.3,66.35,35.16,Pressure Drop,Check valve integrity
Well 210,61.26,9.98,91.97,76.63,33.42,Pressure Drop,Check valve integrity
Well 211,88.41,5.41,77.86,49.62,36.33,Normal,—
Well 212,98.43,5.61,82.44,80.42,65.14,Leak Detected,Check seals and pipelines
Well 213,95.64,3.31,11.62,50.76,62.66,Pressure Drop,Check valve integrity
Well 214,65.7,8.36,96.65,81.64,44.02,Normal,—
Well 215,99.85,7.55,75.4,53.78,68.27,Leak Detected,Check seals and pipelines
Well 216,66.61,3.77,37.43,47.05,79.2,Overheat,Inspect cooling system
Well 217,72.78,2.66,84.65,49.92,32.49,Pressure Drop,Check valve integrity
Well 218,102.25,7.44,35.34,40.12,59.89,Normal,—
Well 219,95.47,7.24,88.55,83.12,71.36,Overheat,Inspect cooling system
Well 220,109.45,4.19,20.13,83.94,45.14,Leak Detected,Check seals and pipelines
Well 221,96.03,9.61,73.33,70.9,48.47,Leak Detected,Check seals and pipelines
Well 222,89.78,3.21,58.66,49.68,66.82,Leak Detected,Check seals and pipelines
Well 223,56.56,5.46,18.69,45.01,83.88,Pressure Drop,Check valve integrity
Well 224,75.74,9.55,31.77,41.15,78.6,Normal,—
Well 225,68.56,5.36,11.12,49.94,64.99,Overheat,Inspect cooling system
Well 226,67.08,7.11,52.19,93.45,73.81,Normal,—
Well 227,118.11,5.18,37.11,54.49,51.89,Pressure Drop,Check valve integrity
Well 228,77.52,4.19,63.85,61.26,68.46,Normal,—
Well 229,112.44,9.87,36.75,46.32,57.97,Pressure Drop,Check valve integrity
Well 230,94.18,5.27,36.99,53.34,41.4,Leak Detected,Check seals and pipelines
Well 231,105.64,9.15,76.89,71.15,72.1,Overheat,Inspect cooling system
Well 232,85.18,3.84,14.33,76.47,63.39,Leak Detected,Check seals and pipelines
Well 233,90.38,3.7,91.26,54.72,51.52,Normal,—
Well 234,84.48,2.25,86.7,43.46,84.68,Leak Detected,Check seals and pipelines
Well 235,63.67,7.21,70.1,63.46,31.26,Overheat,Inspect cooling system
Well 236,100.57,4.95,63.39,54.05,48.95,Leak Detected,Check seals and pipelines
Well 237,69.65,8.91,90.31,53.17,33.41,Overheat,Inspect cooling system
Well 238,51.7,5.79,26.68,97.59,75.99,Overheat,Inspect cooling system
Well 239,95.18,9.75,17.11,76.98,72.13,Leak Detected,Check seals and pipelines
Well 240,62.4,3.48,31.56,73.41,49.88,Pressure Drop,Check valve integrity
Well 241,115.83,8.95,81.51,64.95,70.54,Normal,—
Well 242,116.78,8.21,13.12,65.74,53.76,Pressure Drop,Check valve integrity
Well 243,114.04,8.17,62.45,72.45,75.38,Pressure Drop,Check valve integrity
Well 244,75.91,8.76,99.59,81.79,57.25,Leak Detected,Check seals and pipelines
Well 245,51.08,8.09,87.01,82.13,54.74,Normal,—
Well 246,114.98,7.01,56.93,50.3,86.08,Normal,—
Well 247,79.97,3.05,15.73,70.01,45.05,Pressure Drop,Check valve integrity
Well 248,117.67,2.26,84.82,64.72,37.23,Leak Detected,Check seals and pipelines
Well 249,117.45,9.37,63.91,92.23,65.07,Normal,—
Well 250,109.71,6.93,20.34,77.89,88.16,Pressure Drop,Check valve integrity
Well 251,70.61,8.37,18.45,71.95,52.67,Normal,—
Well 252,76.96,5.85,91.87,46.92,33.72,Leak Detected,Check seals and pipelines
Well 253,109.58,2.94,70.23,76.34,50.36,Leak Detected,Check seals and pipelines
Well 254,72.18,3,84.64,47.03,60.36,Leak Detected,Check seals and pipelines
Well 255,61.86,7.48,89.11,60.23,39.72,Normal,—
Well 256,88.98,5.44,61.46,48.57,69.49,Overheat,Inspect cooling system
Well 257,115.53,3.6,56.57,81.52,89.86,Normal,—
Well 258,98.72,5.93,48.74,52.38,57.1,Overheat,Inspect cooling system
Well 259,89.9,2.51,38.53,63.51,51.28,Leak Detected,Check seals and pipelines
Well 260,56.8,6.66,49.11,93.74,54.04,Pressure Drop,Check valve integrity
Well 261,93.05,4.15,79.65,52.26,36.91,Overheat,Inspect cooling system
Well 262,119.3,8.38,64.17,70.47,83,Leak Detected,Check seals and pipelines
Well 263,59.81,4.48,90.33,65.16,54.89,Leak Detected,Check seals and pipelines
Well 264,86.28,5.64,49.9,41.09,53.24,Overheat,Inspect cooling system
Well 265,111.42,2.09,64.64,87.57,69.58,Pressure Drop,Check valve integrity
Well 266,101.85,2.58,66.82,44.14,56.52,Leak Detected,Check seals and pipelines
Well 267,98.79,5.14,63.25,68.46,68.89,Overheat,Inspect cooling system
Well 268,99.17,5.84,73.24,73.64,33.69,Pressure Drop,Check valve integrity
Well 269,75.16,6.8,31.37,77.71,78.82,Pressure Drop,Check valve integrity
Well 270,70.55,4.33,56.11,81.32,86.43,Leak Detected,Check seals and pipelines
Well 271,106.66,7.56,19.38,55.2,68.93,Normal,—
Well 272,106.71,8.88,44.61,40.6,87.27,Normal,—
Well 273,110.7,8.24,53.89,83.41,39.09,Leak Detected,Check seals and pipelines
Well 274,113.93,2.32,68.7,72.14,58.64,Pressure Drop,Check valve integrity
Well 275,85.79,5.84,95.55,90.17,66.11,Leak Detected,Check seals and pipelines
Well 276,85.11,2.84,64.06,89.28,64.9,Overheat,Inspect cooling system
Well 277,105.88,3.94,76.92,90.6,54.09,Normal,—
Well 278,95.5,9.89,55.56,69.11,50.29,Overheat,Inspect cooling system
Well 279,99.14,3.14,67.07,60.02,37.61,Leak Detected,Check seals and pipelines
Well 280,105.71,5.99,16.38,87.49,53.5,Leak Detected,Check seals and pipelines
Well 281,112.3,6.95,32.9,67.08,39.76,Pressure Drop,Check valve integrity
Well 282,73.66,7.62,42.57,51.01,74.06,Pressure Drop,Check valve integrity
Well 283,76.29,6.48,52.52,91.3,42.53,Pressure Drop,Check valve integrity
Well 284,56.58,2.08,14.11,92.95,33.51,Overheat,Inspect cooling system
Well 285,90.48,4.61,22.6,67.98,63.14,Pressure Drop,Check valve integrity
Well 286,52.52,6.14,34.91,44.54,65.71,Leak Detected,Check seals and pipelines
Well 287,82.59,2.7,97.44,63.27,82.31,Pressure Drop,Check valve integrity
Well 288,87.99,4.81,39.82,88.21,64.62,Normal,—
Well 289,70.06,2.27,53.38,94.11,50.73,Pressure Drop,Check valve integrity
Well 290,91.36,2.63,27.65,52.21,78.18,Overheat,Inspect cooling system
Well 291,52.14,5.18,64.97,44.02,62.42,Normal,—
Well 292,52.61,3.06,35.26,92.64,34.76,Normal,—
Well 293,107.58,6.54,28.63,63.36,63.95,Normal,—
Well 294,75.21,7.52,56.49,72.51,84.48,Overheat,Inspect cooling system
Well 295,58.89,8.4,10.5,98.08,53.78,Leak Detected,Check seals and pipelines
Well 296,86.56,3.6,10.69,43.99,47.78,Pressure Drop,Check valve integrity
Well 297,103.9,3.34,29.72,78.9,38.61,Normal,—
Well 298,65.11,2.84,13.3,44.45,39.09,Normal,—
Well 299,93.6,7.09,19.72,62.53,55.97,Normal,—
Well 300,55.97,7.65,40.5,88.23,65.74,Leak Detected,Check seals and pipelines
Well 301,53.62,2.25,82.23,66.01,34.84,Leak Detected,Check seals and pipelines
Well 302,87.19,9.49,61.48,99.83,86.37,Overheat,Inspect cooling system
Well 303,87.84,2.42,56.14,73.54,75.31,Leak Detected,Check seals and pipelines
Well 304,94.62,6.33,36.41,59.27,65.2,Pressure Drop,Check valve integrity
Well 305,100.83,7.67,93.86,53.21,79.71,Overheat,Inspect cooling system
Well 306,118.31,8.97,45.73,61.03,34.81,Overheat,Inspect cooling system
Well 307,86.14,7.71,17.84,62.35,58.61,Pressure Drop,Check valve integrity
Well 308,72.61,8.41,65.54,44.12,67.81,Pressure Drop,Check valve integrity
Well 309,105.66,4.72,20.25,62.17,79.72,Pressure Drop,Check valve integrity
Well 310,68.96,8.52,41.07,67.85,77.01,Overheat,Inspect cooling system
Well 311,80.73,2.64,55.67,83.36,46.62,Overheat,Inspect cooling system
Well 312,55.49,9.16,88.68,79.4,86.45,Overheat,Inspect cooling system
Well 313,51.77,6.38,54.42,82.53,37.46,Pressure Drop,Check valve integrity
Well 314,117.39,8.54,73.2,40.5,82.51,Pressure Drop,Check valve integrity
Well 315,108.52,5.62,99.35,53.06,88.26,Normal,—
Well 316,98.72,7.15,21.83,79.7,40.63,Leak Detected,Check seals and pipelines
Well 317,78.63,6.21,34.73,69.04,73.32,Normal,—
Well 318,62.13,7.85,45.51,40.32,32.42,Pressure Drop,Check valve integrity
Well 319,60.95,2.65,47.96,88.27,54.33,Overheat,Inspect cooling system
Well 320,67.52,2.48,46.99,86.37,60.98,Pressure Drop,Check valve integrity
Well 321,88.45,3.98,91.68,72.91,64.84,Leak Detected,Check seals and pipelines
Well 322,100.02,3.28,74.26,43.99,86.16,Normal,—
Well 323,96.21,8.97,64.71,85.99,70.34,Normal,—
Well 324,69.6,3.75,37.84,75.02,58.88,Overheat,Inspect cooling system
Well 325,116.84,9.81,84.14,86.92,78.58,Normal,—
Well 326,101.65,4.7,95.96,85.1,87.03,Normal,—
Well 327,88.8,3.46,83.91,88.18,31.32,Pressure Drop,Check valve integrity
Well 328,92.82,8.32,10.14,71.08,88.95,Normal,—
Well 329,79.37,7.27,67.28,48.42,35.17,Normal,—
Well 330,67.34,5.99,14.6,80.27,78.86,Normal,—
Well 331,74.92,6.44,33.18,77.23,46.82,Overheat,Inspect cooling system
Well 332,103.05,7.75,15.36,84.54,37.93,Overheat,Inspect cooling system
Well 333,51.01,3.83,64.34,50.19,56.39,Pressure Drop,Check valve integrity
Well 334,58.13,9.97,71.79,51.7,68.64,Normal,—
Well 335,53.22,9.8,20.3,93.42,52.86,Overheat,Inspect cooling system
Well 336,52.85,7.2,44.55,85,33.27,Overheat,Inspect cooling system
Well 337,109.88,3.6,51.06,94.49,65.97,Pressure Drop,Check valve integrity
Well 338,99.26,7.44,43.21,85.52,84.14,Leak Detected,Check seals and pipelines
Well 339,83.19,2.58,20.89,75.83,52.99,Normal,—
Well 340,56.85,2.25,47.71,79.25,42.98,Overheat,Inspect cooling system
Well 341,84.41,4.06,77.61,93.35,56.55,Pressure Drop,Check valve integrity
Well 342,83.14,5.7,16.39,74.73,32.9,Pressure Drop,Check valve integrity
Well 343,62.12,8.95,17.22,77.94,79.23,Pressure Drop,Check valve integrity
Well 344,80.37,7.82,41.93,49.39,79.58,Overheat,Inspect cooling system
Well 345,77.9,7.94,94.76,68.44,65.28,Normal,—
Well 346,93.11,5.4,70.17,82.98,51.19,Leak Detected,Check seals and pipelines
Well 347,94.46,4.77,71.08,56.26,77.99,Normal,—
Well 348,53.17,4.97,42.57,52.14,63.28,Pressure Drop,Check valve integrity
Well 349,76.22,9.9,63.43,58.83,79.56,Pressure Drop,Check valve integrity
Well 350,93.81,2.32,10.91,54.49,67.89,Leak Detected,Check seals and pipelines
Well 351,85.22,8.94,67.25,52.89,77.06,Normal,—
Well 352,109.95,6.63,92.2,65.49,65.91,Pressure Drop,Check valve integrity
Well 353,96.11,5.51,65.13,94.47,54.85,Pressure Drop,Check valve integrity
Well 354,61.41,7.8,88.63,70.42,87.48,Normal,—
Well 355,54.94,5.89,75.16,51.28,62.47,Pressure Drop,Check valve integrity
Well 356,94.97,8.99,20.85,44.62,66.31,Normal,—
Well 357,51.86,9.21,91.22,81.77,43.23,Pressure Drop,Check valve integrity
Well 358,91,5.37,15.98,62.97,67.54,Normal,—
Well 359,115.82,4.21,58.06,89.31,64.3,Leak Detected,Check seals and pipelines
Well 360,90.28,6.74,22.79,79.57,41.09,Pressure Drop,Check valve integrity
Well 361,77.17,9.3,11.05,87.77,33.58,Leak Detected,Check seals and pipelines
Well 362,95.03,3.69,47.98,56.32,66.26,Pressure Drop,Check valve integrity
Well 363,82.08,6.98,36.55,81.54,75.82,Pressure Drop,Check valve integrity
Well 364,88.19,7.05,53.74,55.84,61.4,Overheat,Inspect cooling system
Well 365,115.9,7.86,61.95,96.34,43.61,Normal,—
Well 366,77.03,3.05,13.94,78.18,69.99,Leak Detected,Check seals and pipelines
Well 367,117.28,7.73,21.07,59.47,34.81,Leak Detected,Check seals and pipelines
Well 368,113.37,9.27,60.28,56.17,56.51,Leak Detected,Check seals and pipelines
Well 369,63.71,3.44,40.89,51.46,39.8,Normal,—
Well 370,54.86,3.9,75.63,81.68,41.07,Overheat,Inspect cooling system
Well 371,57.05,9.77,68.71,53.12,42.14,Leak Detected,Check seals and pipelines
Well 372,51.28,3.45,86.1,75.72,53.2,Normal,—
Well 373,56.61,8.84,72.32,55.88,33.07,Pressure Drop,Check valve integrity
Well 374,97.81,5.94,48.69,79.72,53.87,Leak Detected,Check seals and pipelines
Well 375,54.98,3.98,70.57,88.9,60.7,Leak Detected,Check seals and pipelines
Well 376,72.33,8.97,34.78,86.68,59,Overheat,Inspect cooling system
Well 377,109.14,5.56,37.57,85.65,52.97,Leak Detected,Check seals and pipelines
Well 378,51.63,6.12,81.01,51.26,80.35,Leak Detected,Check seals and pipelines
Well 379,107.01,4.87,50.18,45.3,38.72,Pressure Drop,Check valve integrity
Well 380,69.73,6.74,81.85,81.94,60.34,Normal,—
Well 381,58.27,3.31,84.02,62.1,33.72,Normal,—
Well 382,98.77,5.13,87.18,65.94,34.27,Overheat,Inspect cooling system
Well 383,94.03,9.76,92.5,41.87,64.43,Pressure Drop,Check valve integrity
Well 384,111.42,4.07,48.79,55.57,63.96,Normal,—
Well 385,101.45,7.25,38.7,42.02,82.68,Pressure Drop,Check valve integrity
Well 386,106.24,4.6,62.4,92.75,63.47,Normal,—
Well 387,69.74,8.19,43.41,54.6,87.59,Pressure Drop,Check valve integrity
Well 388,62.42,3.05,64.1,73.44,32.92,Overheat,Inspect cooling system
Well 389,102.54,9.76,73.5,42.34,35.88,Leak Detected,Check seals and pipelines
Well 390,106.48,5.63,71.96,80.01,32.64,Overheat,Inspect cooling system
Well 391,119.34,3.89,43.71,59.38,41.12,Normal,—
Well 392,78.88,2.59,25.02,93.88,62.48,Overheat,Inspect cooling system
Well 393,76.04,3.36,48.75,93.29,68.73,Leak Detected,Check seals and pipelines
Well 394,104.35,6.16,22.83,59.52,32.74,Overheat,Inspect cooling system
Well 395,73.86,4.7,90.11,94.06,86.76,Normal,—
Well 396,115.15,8.63,41.13,99.77,80.53,Normal,—
Well 397,110.09,5.45,23.9,89.52,47.8,Overheat,Inspect cooling system
Well 398,80.03,3.99,12.29,90.69,34.63,Leak Detected,Check seals and pipelines
Well 399,102.56,6.94,68.12,54.94,40.19,Overheat,Inspect cooling system
Well 400,102.82,7.65,67.32,74.6,37.62,Leak Detected,Check seals and pipelines
Well 401,57.22,3.34,40.65,44.04,37.4,Pressure Drop,Check valve integrity
Well 402,113.18,3.34,16.45,45.7,61.11,Leak Detected,Check seals and pipelines
Well 403,85.37,2.29,46.87,99.93,44.75,Pressure Drop,Check valve integrity
Well 404,107.85,7.89,38.01,59.6,51.49,Overheat,Inspect cooling system
Well 405,72.4,7.31,70.94,84.89,89.37,Leak Detected,Check seals and pipelines
Well 406,112.69,5.8,64.52,88.4,71.06,Pressure Drop,Check valve integrity
Well 407,77.24,8.75,42.81,91.48,86.94,Pressure Drop,Check valve integrity
Well 408,50.76,8.45,29.61,99.86,38.55,Pressure Drop,Check valve integrity
Well 409,113.38,6.68,98.92,54.49,52.93,Normal,—
Well 410,56.39,8.95,50.86,42.42,63.28,Overheat,Inspect cooling system
Well 411,72.35,3.65,71.94,64.67,34.61,Pressure Drop,Check valve integrity
Well 412,116.5,2.9,22.65,47.8,30.25,Leak Detected,Check seals and pipelines
Well 413,116.54,4.16,53.7,41.35,70.23,Pressure Drop,Check valve integrity
Well 414,90.14,2.46,12.48,61.63,68.51,Normal,—
Well 415,94.23,6.25,55.49,87.02,54.65,Overheat,Inspect cooling system
Well 416,81.39,9.49,96.76,73.97,59.38,Normal,—
Well 417,70.52,2.31,44.58,58.77,54.93,Normal,—
Well 418,73.01,2.98,13.51,79.26,31.44,Normal,—
Well 419,97.08,5.62,12.79,53.92,50.12,Leak Detected,Check seals and pipelines
Well 420,102.67,9.47,44.92,40.86,40.62,Overheat,Inspect cooling system
Well 421,105.41,4.53,24.4,85.86,35.91,Overheat,Inspect cooling system
Well 422,105.27,6.06,12.1,77.42,87.4,Leak Detected,Check seals and pipelines
Well 423,56.38,2.33,78.06,85.74,65.96,Overheat,Inspect cooling system
Well 424,84.61,3.19,51.27,42.34,73.72,Normal,—
Well 425,54.03,9.89,36.03,90.23,48.92,Overheat,Inspect cooling system
Well 426,88.47,9.72,91.01,77.17,53.59,Leak Detected,Check seals and pipelines
Well 427,80.91,2.04,20.45,73.8,44.22,Normal,—
Well 428,112.14,9.61,96.03,77.48,35.82,Leak Detected,Check seals and pipelines
Well 429,74.56,7.11,38.26,91.87,40.74,Pressure Drop,Check valve integrity
Well 430,58.19,8.94,89.96,75.22,77.85,Normal,—
Well 431,60.01,5.64,64.26,74.86,70.65,Normal,—
Well 432,103.31,6.12,84.4,99.44,62.82,Overheat,Inspect cooling system
Well 433,93.28,5.91,98.56,85.4,58.51,Normal,—
Well 434,57.08,7.33,35.96,66.54,85.35,Leak Detected,Check seals and pipelines
Well 435,55.89,3.12,96.5,82.44,34.36,Overheat,Inspect cooling system
Well 436,99.07,2.24,45.05,63.35,46.84,Pressure Drop,Check valve integrity
Well 437,55.09,4.46,44.7,53.73,51,Leak Detected,Check seals and pipelines
Well 438,107.53,7.64,40.63,75.81,76.95,Pressure Drop,Check valve integrity
Well 439,99.44,3.61,58.73,95.69,89.55,Pressure Drop,Check valve integrity
Well 440,55.69,7.39,23.87,95.75,44.44,Pressure Drop,Check valve integrity
Well 441,55.94,9.76,59.83,60.51,82.46,Normal,—
Well 442,119.06,2.75,58.75,71.66,79.84,Leak Detected,Check seals and pipelines
Well 443,76.2,7.38,78.57,52.7,43.48,Leak Detected,Check seals and pipelines
Well 444,75.94,5.55,85.03,99.74,53.96,Normal,—
Well 445,106.9,8.95,49.64,98.87,54.58,Overheat,Inspect cooling system
Well 446,116.31,3.42,37.21,78.97,88.69,Pressure Drop,Check valve integrity
Well 447,119.02,7.54,33.34,88.26,40.85,Leak Detected,Check seals and pipelines
Well 448,102.74,8.7,27.52,82.91,77.95,Normal,—
Well 449,76.34,9.56,15.19,75.59,50.05,Pressure Drop,Check valve integrity
Well 450,55.85,7.47,40.82,43.2,73.85,Overheat,Inspect cooling system
Well 451,104.4,5.98,34.32,67.29,55.2,Overheat,Inspect cooling system
Well 452,89.09,6.94,96.98,80.49,64.7,Pressure Drop,Check valve integrity
Well 453,79.7,8.95,60.19,80.65,79.96,Overheat,Inspect cooling system
Well 454,113.44,6.56,41.25,62.39,78.25,Leak Detected,Check seals and pipelines
Well 455,57.78,2.24,62.24,96.5,81.99,Leak Detected,Check seals and pipelines
Well 456,84.48,9.45,22.53,50.04,33.58,Leak Detected,Check seals and pipelines
Well 457,50.79,7.52,49.96,70.02,71.52,Overheat,Inspect cooling system
Well 458,82.81,7.41,66.36,81.45,38.4,Leak Detected,Check seals and pipelines
Well 459,53.94,3.73,54,81.83,54.95,Normal,—
Well 460,58.32,7.27,46.16,78.92,62.92,Leak Detected,Check seals and pipelines
Well 461,58.23,5.15,99.45,56.52,54.16,Leak Detected,Check seals and pipelines
Well 462,95.44,7.21,89.23,49.37,61.18,Overheat,Inspect cooling system
Well 463,102.22,2.85,66.11,78.16,89.79,Leak Detected,Check seals and pipelines
Well 464,90.84,7.26,61.24,75.96,38.11,Pressure Drop,Check valve integrity
Well 465,117.35,10,65.86,50.76,70.53,Normal,—
Well 466,76.24,2.39,28.12,82.31,53.76,Overheat,Inspect cooling system
Well 467,70,9.82,45.56,67.31,37.98,Normal,—
Well 468,110.8,5.26,13.55,80.07,39.52,Pressure Drop,Check valve integrity
Well 469,65.65,8.97,52.8,90.24,86.96,Overheat,Inspect cooling system
Well 470,117.43,8.26,58.87,50.18,82.78,Overheat,Inspect cooling system
Well 471,50.85,6.54,30.5,41.15,84.42,Leak Detected,Check seals and pipelines
Well 472,117.89,7.91,96.76,86.75,89.49,Normal,—
Well 473,53.02,9.03,91.85,76.58,42.5,Pressure Drop,Check valve integrity
Well 474,112.38,5.23,74.99,81.98,51.33,Pressure Drop,Check valve integrity
Well 475,86.94,4.62,58,90.29,70.15,Overheat,Inspect cooling system
Well 476,119.51,7.34,88.3,88.17,59.03,Leak Detected,Check seals and pipelines
Well 477,55.17,8.46,21.76,97.66,55.1,Overheat,Inspect cooling system
Well 478,88.77,8.1,81.15,72.16,51.47,Overheat,Inspect cooling system
Well 479,117.85,8.38,21.23,69.31,65.63,Overheat,Inspect cooling system
Well 480,86.62,5.48,81.48,64.11,64.54,Overheat,Inspect cooling system
Well 481,94.06,8.54,34.82,49.22,39.69,Pressure Drop,Check valve integrity
Well 482,98.7,2.96,88.94,74.36,58.3,Pressure Drop,Check valve integrity
Well 483,81.82,6.36,94.96,56.62,63.21,Overheat,Inspect cooling system
Well 484,93.93,2.05,23.39,95.28,64.22,Overheat,Inspect cooling system
Well 485,90.9,4.6,51.64,74.99,42.61,Leak Detected,Check seals and pipelines
Well 486,113.08,4.93,98.29,75.57,74.54,Overheat,Inspect cooling system
Well 487,53.18,5.17,53.51,61.3,31.51,Pressure Drop,Check valve integrity
Well 488,69.67,7.56,87.72,43.12,51.29,Normal,—
Well 489,116.53,5.11,62.99,41.9,76.81,Pressure Drop,Check valve integrity
Well 490,112.32,5.59,43.78,65.4,63.83,Leak Detected,Check seals and pipelines
Well 491,81.9,3.9,35.72,45.07,45.67,Pressure Drop,Check valve integrity
Well 492,93.41,4.99,28.29,76.41,71.7,Normal,—
Well 493,69.42,3.82,78.56,92.86,64.04,Overheat,Inspect cooling system
Well 494,63.17,2.59,44.79,92.97,77.77,Normal,—
Well 495,82.46,6.83,56.01,79.54,74.1,Overheat,Inspect cooling system
Well 496,74.73,7.35,54.31,52.67,66.61,Overheat,Inspect cooling system
Well 497,90.86,6.96,61.96,91.78,59.29,Pressure Drop,Check valve integrity
Well 498,55.44,5.71,87.9,93.17,37.99,Pressure Drop,Check valve integrity
Well 499,118.21,5.04,98.27,51.8,45.68,Pressure Drop,Check valve integrity
Well 500,119.03,8.91,46.68,84.25,55.15,Leak Detected,Check seals and pipelines
Well 501,98.87,6.15,84.48,57.19,65.96,Pressure Drop,Check valve integrity
Well 502,87.53,5.83,78.81,88.16,60.82,Leak Detected,Check seals and pipelines
Well 503,71.67,2.21,61.62,99.83,47.29,Pressure Drop,Check valve integrity
Well 504,106.97,4.73,96.04,41.8,30.39,Overheat,Inspect cooling system
Well 505,97.93,5.04,28.04,93.84,59.77,Leak Detected,Check seals and pipelines
Well 506,61.38,5.19,19.83,77.36,47.14,Normal,—
Well 507,113.76,6.64,86.86,98.4,74.08,Leak Detected,Check seals and pipelines
Well 508,107.58,6.27,49.52,67.9,31.44,Leak Detected,Check seals and pipelines
Well 509,116.49,6.86,86.23,90.84,65.09,Normal,—
Well 510,100.8,8.12,90.38,43.74,86.49,Leak Detected,Check seals and pipelines
Well 511,92.94,8.5,15.62,60.12,40.46,Overheat,Inspect cooling system
Well 512,79.28,7.74,89.51,44.02,58.3,Pressure Drop,Check valve integrity
Well 513,115.29,9.64,50.35,98.52,35.49,Normal,—
Well 514,110.62,2.15,55.94,89.02,67.54,Pressure Drop,Check valve integrity
Well 515,53.17,3.57,66.39,91.15,63.03,Overheat,Inspect cooling system
Well 516,51.85,2.06,93.37,96.28,54.44,Normal,—
Well 517,76.35,7.18,11.72,45.11,61.28,Pressure Drop,Check valve integrity
Well 518,106.74,9.18,52.92,63.14,83.79,Pressure Drop,Check valve integrity
Well 519,119.11,3.95,71.89,44.26,41.78,Overheat,Inspect cooling system
Well 520,60.53,9.42,75.04,52.65,31.35,Pressure Drop,Check valve integrity
Well 521,91.59,2.48,72.33,53.76,81.7,Overheat,Inspect cooling system
Well 522,76.66,9.48,22.1,68.15,64.63,Leak Detected,Check seals and pipelines
Well 523,117.89,4.81,36.95,56.11,83.44,Overheat,Inspect cooling system
Well 524,108.95,2.81,42.28,46.06,65.82,Leak Detected,Check seals and pipelines
Well 525,108.68,5.89,82.4,50.05,78.61,Normal,—
Well 526,82.81,4.05,35.09,48.84,55.78,Pressure Drop,Check valve integrity
Well 527,79.04,4.28,28.96,98.38,74.99,Overheat,Inspect cooling system
Well 528,69.14,4.46,96.17,85.56,84.78,Overheat,Inspect cooling system
Well 529,53.95,8.42,10.8,98.07,64.33,Pressure Drop,Check valve integrity
Well 530,110.53,6.31,99.8,66.38,40.85,Pressure Drop,Check valve integrity
Well 531,106.9,4.49,70.91,56.7,46.13,Normal,—
Well 532,119.98,6.88,84.56,87.9,41.92,Normal,—
Well 533,119.76,7.73,36.52,59.58,44.81,Overheat,Inspect cooling system
Well 534,88.88,4.18,11.29,57.96,48.38,Normal,—
Well 535,103.83,5.31,76.41,53.95,63.31,Leak Detected,Check seals and pipelines
Well 536,116.13,2.98,85.07,47.78,65.28,Normal,—
Well 537,109.48,3.45,76.64,55.39,55.59,Normal,—
Well 538,67.31,7.45,22.86,61.32,66.93,Overheat,Inspect cooling system
Well 539,81.54,3.45,77.81,80.44,34.89,Leak Detected,Check seals and pipelines
Well 540,59.04,6.2,79.2,43.75,35.27,Normal,—
Well 541,116.78,7.67,69.27,52.63,40.31,Leak Detected,Check seals and pipelines
Well 542,92.43,2.86,78.95,88.54,61.08,Leak Detected,Check seals and pipelines
Well 543,66,6.54,86.13,48.82,42.84,Leak Detected,Check seals and pipelines
Well 544,97.02,4.05,65.22,60.56,47,Pressure Drop,Check valve integrity
Well 545,93.27,9.7,17.97,91.88,54.02,Pressure Drop,Check valve integrity
Well 546,75.07,5.87,53.89,49.3,78.71,Pressure Drop,Check valve integrity
Well 547,57.95,8.45,16.99,44.96,30.83,Pressure Drop,Check valve integrity
Well 548,97.01,6.4,46.68,69.07,68.96,Overheat,Inspect cooling system
Well 549,86.42,2.35,46.64,58.15,70.13,Normal,—
Well 550,104.06,7.07,15.94,73.8,77.92,Pressure Drop,Check valve integrity
Well 551,86.41,9.61,41.39,88.23,85.97,Overheat,Inspect cooling system
Well 552,109.65,6.81,19.99,48.23,31.21,Normal,—
Well 553,88.63,8.55,82.74,74.84,39.23,Pressure Drop,Check valve integrity
Well 554,89.27,9.07,95.29,70.33,83.17,Normal,—
Well 555,111.37,3.82,16.51,48.64,57.51,Pressure Drop,Check valve integrity
Well 556,78.24,3.7,95.96,77.44,63.88,Overheat,Inspect cooling system
Well 557,59.38,6.89,57.03,56.42,69.78,Leak Detected,Check seals and pipelines
Well 558,52.01,5.29,36.96,69.27,70.74,Leak Detected,Check seals and pipelines
Well 559,102.86,8.72,16.92,44.94,85.9,Normal,—
Well 560,93.42,9.2,55.06,67.58,89.82,Overheat,Inspect cooling system
Well 561,99.29,4.83,81.51,58.39,73.21,Leak Detected,Check seals and pipelines
Well 562,64.91,3.89,73.64,89.34,47.23,Pressure Drop,Check valve integrity
Well 563,59.55,8.24,14.52,43.42,82.79,Leak Detected,Check seals and pipelines
Well 564,51.02,4.2,16.56,65.12,32.95,Normal,—
Well 565,74.54,8.58,46.26,67.51,43.86,Normal,—
Well 566,91.29,5.39,36.58,83.5,83.84,Overheat,Inspect cooling system
Well 567,77.46,7.34,30.91,74.46,45.37,Normal,—
Well 568,80.62,2.76,35.29,80.03,43.24,Leak Detected,Check seals and pipelines
Well 569,113.29,6.99,82.31,86.62,38.29,Leak Detected,Check seals and pipelines
Well 570,74.38,5.61,93.63,91.73,81.55,Leak Detected,Check seals and pipelines
Well 571,85.98,6.69,46.46,58.83,60,Leak Detected,Check seals and pipelines
Well 572,104.86,3.34,91.55,72.28,70.49,Overheat,Inspect cooling system
Well 573,77.76,7.89,38.93,90.41,44.34,Pressure Drop,Check valve integrity
Well 574,93.55,8.9,52.88,99.37,75.48,Pressure Drop,Check valve integrity
Well 575,110.37,3.73,30.34,93.37,75.6,Overheat,Inspect cooling system
Well 576,116.47,2.77,67.64,62.29,48.76,Normal,—
Well 577,60.3,2.19,98.11,51.71,54.64,Pressure Drop,Check valve integrity
Well 578,114.86,7.14,64.31,69.36,42.58,Normal,—
Well 579,84.45,6.86,42.2,84.5,88.59,Pressure Drop,Check valve integrity
Well 580,68.08,6.37,68.3,69.55,68.74,Normal,—
Well 581,82.14,3.86,21.06,68.99,86.07,Overheat,Inspect cooling system
Well 582,118.6,5.13,89.98,90.29,48.2,Leak Detected,Check seals and pipelines
Well 583,84.48,6.76,55.28,61.68,76.91,Normal,—
Well 584,73.01,5.97,50.44,91.59,75.95,Leak Detected,Check seals and pipelines
Well 585,94.34,9.9,62.73,64.41,71.5,Normal,—
Well 586,66.81,3.09,66.23,59.69,87.94,Normal,—
Well 587,55.31,7.56,16.46,67.24,53.61,Normal,—
Well 588,59.02,5.23,71.44,85.75,37.84,Normal,—
Well 589,58.96,5.43,31.77,47.56,70.3,Normal,—
Well 590,60.63,7.74,74.26,51.79,73.76,Leak Detected,Check seals and pipelines
Well 591,59.72,7.54,84.03,97.09,64.5,Normal,—
Well 592,94.86,9.93,82.36,50.53,42.41,Leak Detected,Check seals and pipelines
Well 593,62.73,3.03,59.73,74.06,60.27,Overheat,Inspect cooling system
Well 594,74.2,2.83,56.82,74.76,48.73,Pressure Drop,Check valve integrity
Well 595,112.78,7.79,22.86,69.38,55.65,Normal,—
Well 596,83.18,6.63,79.78,78.68,68.71,Pressure Drop,Check valve integrity
Well 597,96.73,4.19,34.43,53.79,74.71,Leak Detected,Check seals and pipelines
Well 598,62.06,2.64,54.7,73.16,43.93,Overheat,Inspect cooling system
Well 599,63.46,2.69,35.58,62.33,54.32,Overheat,Inspect cooling system
Well 600,52.86,9.15,22.04,79.7,46.15,Overheat,Inspect cooling system
Well 601,61.83,3.53,66.66,48.47,41.92,Pressure Drop,Check valve integrity
Well 602,69.5,4.59,14.89,74.25,77,Leak Detected,Check seals and pipelines
Well 603,62.39,3.81,77.38,51.12,84.56,Normal,—
Well 604,56.21,4.84,38.58,56.72,52.21,Normal,—
Well 605,58.44,2.56,10.01,53.12,75.08,Leak Detected,Check seals and pipelines
Well 606,82.25,6.15,56,50.97,83.82,Pressure Drop,Check valve integrity
Well 607,64.44,2.54,14.22,89.54,80.77,Normal,—
Well 608,75.5,8.4,34.86,57.14,40.97,Leak Detected,Check seals and pipelines
Well 609,85.24,3.87,73.63,95.63,87.38,Normal,—
Well 610,98.33,6.32,15.64,98.2,52.6,Overheat,Inspect cooling system
Well 611,52.75,9.04,85.54,74.28,50.35,Normal,—
Well 612,105.96,7.21,10.34,48.58,33.75,Pressure Drop,Check valve integrity
Well 613,93.95,6.26,32.21,62.47,59.17,Leak Detected,Check seals and pipelines
Well 614,55.72,4.59,76.68,87.86,36.54,Pressure Drop,Check valve integrity
Well 615,111.15,4.66,38.46,62.04,44.91,Leak Detected,Check seals and pipelines
Well 616,114.46,7.36,19.17,45.22,49.02,Overheat,Inspect cooling system
Well 617,54.28,9.95,42.42,73.41,78.53,Leak Detected,Check seals and pipelines
Well 618,69.38,7.29,34.34,90.71,82.53,Normal,—
Well 619,106.43,6.46,85.84,87.76,48.15,Normal,—
Well 620,102.38,7.85,38.2,50.51,81.52,Overheat,Inspect cooling system
Well 621,62.92,5.72,81,80.37,81.43,Leak Detected,Check seals and pipelines
Well 622,64.65,2.48,90.27,53.23,75.88,Overheat,Inspect cooling system
Well 623,75.93,6.5,49.04,53.09,38.8,Normal,—
Well 624,83.92,9.66,91.89,92.44,71.42,Pressure Drop,Check valve integrity
Well 625,93.28,3.4,43.96,54.98,86.7,Overheat,Inspect cooling system
Well 626,75.82,7.52,96.77,55.79,70.95,Pressure Drop,Check valve integrity
Well 627,82.38,3.61,18.04,40.04,49.9,Pressure Drop,Check valve integrity
Well 628,102.32,6.29,71.83,92.24,60.03,Leak Detected,Check seals and pipelines
Well 629,52.57,2.77,54.44,87.56,68.74,Overheat,Inspect cooling system
Well 630,67.67,5.6,44.89,77.64,60.63,Pressure Drop,Check valve integrity
Well 631,99.93,8.05,66.94,85.02,37.2,Pressure Drop,Check valve integrity
Well 632,112.66,4.78,73.35,49.12,48.72,Leak Detected,Check seals and pipelines
Well 633,85.82,7.32,10.39,67.5,78.14,Leak Detected,Check seals and pipelines
Well 634,87.25,8.36,25.03,61.07,81.69,Normal,—
Well 635,57.5,9.42,74.17,45.63,38.24,Pressure Drop,Check valve integrity
Well 636,81.32,3.88,69.97,69.17,87.14,Normal,—
Well 637,87.28,5.19,96.94,95.24,49.73,Pressure Drop,Check valve integrity
Well 638,66.97,3.22,78.49,42.4,69.74,Normal,—
Well 639,68.85,9.94,95.57,57.49,75.11,Leak Detected,Check seals and pipelines
Well 640,76.41,9.42,73.23,52.45,78.72,Overheat,Inspect cooling system
Well 641,51.4,6.32,36.82,54.29,86.74,Leak Detected,Check seals and pipelines
Well 642,72.55,8.74,19.48,94.51,48.78,Normal,—
Well 643,64.8,6.17,80.36,68.08,81.51,Normal,—
Well 644,72.92,6.99,67.97,67.98,37.9,Overheat,Inspect cooling system
Well 645,58.38,2.71,14.34,85.63,72.3,Pressure Drop,Check valve integrity
Well 646,112.34,8.04,42.4,49.27,74.52,Normal,—
Well 647,91.55,3.02,96.11,69.24,70.66,Normal,—
Well 648,97.54,8.61,55.04,65.8,45.14,Normal,—
Well 649,105.24,8.26,48.95,75.81,82.38,Overheat,Inspect cooling system
Well 650,84.89,7.67,51.19,99.97,40.13,Leak Detected,Check seals and pipelines
Well 651,56.08,2.29,28.8,86.17,33.22,Normal,—
Well 652,87.6,4.43,43.18,63.87,73.05,Overheat,Inspect cooling system
Well 653,91.08,4.1,43.28,89.65,58.53,Normal,—
Well 654,102.18,4.88,14.71,50.24,80.95,Pressure Drop,Check valve integrity
Well 655,80.22,2.7,79.08,41.83,53,Overheat,Inspect cooling system
Well 656,58.93,9.5,47.49,52.27,40.1,Normal,—
Well 657,69.86,6.43,84,60.42,80.19,Overheat,Inspect cooling system
Well 658,75.42,4.44,86.53,70.63,62.93,Normal,—
Well 659,95.21,5.18,29.08,76.91,41.35,Leak Detected,Check seals and pipelines
Well 660,89.95,5.58,69.16,94.64,73.22,Normal,—
Well 661,74.93,6.8,52.51,70.59,60.67,Overheat,Inspect cooling system
Well 662,119.06,6.13,89.21,70.08,66.26,Pressure Drop,Check valve integrity
Well 663,92.4,9.36,29.42,43.01,57.65,Pressure Drop,Check valve integrity
Well 664,66.61,5.98,71,42.09,79.72,Pressure Drop,Check valve integrity
Well 665,57.12,9.94,64.7,73.07,79.77,Normal,—
Well 666,60.7,8.81,36.58,66.29,72.56,Leak Detected,Check seals and pipelines
Well 667,67.22,3.67,22.29,90.35,36.32,Normal,—
Well 668,61.25,9.44,68.65,49.64,80.33,Pressure Drop,Check valve integrity
Well 669,63.06,2.93,76.47,41.5,70.26,Overheat,Inspect cooling system
Well 670,69.96,8.54,38.41,66.94,71.82,Pressure Drop,Check valve integrity
Well 671,62.14,5.04,68.03,54.25,51.78,Overheat,Inspect cooling system
Well 672,112.77,9.02,45.56,42.98,82.76,Leak Detected,Check seals and pipelines
Well 673,55.62,8.94,74.19,83.48,73.52,Overheat,Inspect cooling system
Well 674,86.72,8.45,27.93,46.7,36.76,Normal,—
Well 675,78.73,8.32,90.12,76.5,54.47,Normal,—
Well 676,118.77,4.44,35.87,56.86,83.18,Normal,—
Well 677,57.84,2.65,43.1,50.41,32.83,Overheat,Inspect cooling system
Well 678,77.85,5.22,15.23,62.79,87.68,Normal,—
Well 679,117.86,3.39,20.04,88.09,70.75,Normal,—
Well 680,110.59,7.56,56.43,63.53,67.88,Normal,—
Well 681,107.2,4.77,34.08,85.05,46.23,Leak Detected,Check seals and pipelines
Well 682,68.05,9.8,85.19,47.53,44.93,Overheat,Inspect cooling system
Well 683,61.96,7.13,11.32,86.37,86.52,Overheat,Inspect cooling system
Well 684,96.81,8.58,44.12,54.22,47.9,Pressure Drop,Check valve integrity
Well 685,115.06,3.06,40.36,80.64,76.53,Overheat,Inspect cooling system
Well 686,88.97,8.9,11.74,73.95,53.59,Leak Detected,Check seals and pipelines
Well 687,90.01,9.38,21.19,95.75,38.36,Overheat,Inspect cooling system
Well 688,69.6,5.9,47.23,63.24,30.64,Leak Detected,Check seals and pipelines
Well 689,103.86,6.85,54.36,43.97,62.66,Leak Detected,Check seals and pipelines
Well 690,63.09,8.12,46.39,41.15,88.55,Overheat,Inspect cooling system
Well 691,72.66,3.4,57.78,89.61,52.15,Pressure Drop,Check valve integrity
Well 692,79.78,6.02,63.56,71.48,51.43,Normal,—
Well 693,85.53,5.19,10.89,86.51,50.65,Normal,—
Well 694,66.97,3.17,51.77,54.07,61.23,Overheat,Inspect cooling system
Well 695,58.04,4.94,96.71,60.71,56.44,Overheat,Inspect cooling system
Well 696,92.74,2.55,56.71,41.81,82.79,Leak Detected,Check seals and pipelines
Well 697,70.2,2.21,70.98,97.69,60.33,Overheat,Inspect cooling system
Well 698,90.69,3.08,38.07,80.07,60.47,Leak Detected,Check seals and pipelines
Well 699,60.81,9.7,79.66,95.99,38.3,Pressure Drop,Check valve integrity
Well 700,83.68,6.4,79.56,55.93,88.96,Overheat,Inspect cooling system
Well 701,87.28,9.73,56.92,76.69,45,Normal,—
Well 702,53.63,5.46,97.84,80.71,34.4,Normal,—
Well 703,73.56,4.49,21.3,59.05,69.79,Overheat,Inspect cooling system
Well 704,59.41,6.05,11.53,90.89,65.72,Leak Detected,Check seals and pipelines
Well 705,54.44,5.52,79.31,96.83,54.91,Normal,—
Well 706,119.3,2.85,82.64,93.09,55.33,Leak Detected,Check seals and pipelines
Well 707,72.56,7.13,20.82,84.34,77.1,Overheat,Inspect cooling system
Well 708,106.69,3.73,33.9,56.65,41.74,Overheat,Inspect cooling system
Well 709,67.82,6.96,11.58,56.9,79.22,Normal,—
Well 710,97.71,7.2,36.4,97.8,68.92,Overheat,Inspect cooling system
Well 711,103.22,3.22,79.58,40.62,55.14,Pressure Drop,Check valve integrity
Well 712,91.69,2.49,56.62,82.96,57.48,Pressure Drop,Check valve integrity
Well 713,83.01,8.25,41.33,82.37,45.4,Normal,—
Well 714,78.83,5.68,43.46,77.36,75.13,Pressure Drop,Check valve integrity
Well 715,74.42,2.47,10.12,99.41,60.77,Leak Detected,Check seals and pipelines
Well 716,115.07,9.96,36.98,58.71,49.25,Normal,—
Well 717,108.14,2.46,68.18,60.4,65.76,Normal,—
Well 718,117.55,7.56,97.68,44.74,89.74,Leak Detected,Check seals and pipelines
Well 719,58.7,9.87,86.24,66.57,56.12,Pressure Drop,Check valve integrity
Well 720,101.16,3.91,12.12,55.66,85.24,Pressure Drop,Check valve integrity
Well 721,115.68,3.14,90.87,60.6,50.7,Pressure Drop,Check valve integrity
Well 722,62.69,2.97,80.49,90.07,33.28,Normal,—
Well 723,54.65,4.43,80.23,96.13,42.25,Normal,—
Well 724,101.88,2.81,51.22,51.14,55.12,Pressure Drop,Check valve integrity
Well 725,90.21,7.54,45.82,62.35,43.18,Overheat,Inspect cooling system
Well 726,108.93,2.5,37.26,95.72,30.01,Pressure Drop,Check valve integrity
Well 727,59.78,6.08,15.91,43.71,84.9,Leak Detected,Check seals and pipelines
Well 728,105.67,9.97,30.54,45.54,80.63,Normal,—
Well 729,64.11,8.51,32.19,49.77,74.54,Leak Detected,Check seals and pipelines
Well 730,61.46,6.92,53.57,75.71,40.07,Leak Detected,Check seals and pipelines
Well 731,61.5,4.45,77.27,49.03,37.22,Normal,—
Well 732,107.02,6.99,52.64,98.08,34.06,Overheat,Inspect cooling system
Well 733,96.56,6.22,15.21,66.8,73.44,Pressure Drop,Check valve integrity
Well 734,86.61,5.41,96.2,70.09,85.73,Leak Detected,Check seals and pipelines
Well 735,75.12,3.05,94.85,54.8,55.83,Normal,—
Well 736,111.4,9.09,80.67,68.26,37.15,Leak Detected,Check seals and pipelines
Well 737,77.47,5.6,99.22,79.71,60.74,Pressure Drop,Check valve integrity
Well 738,107.16,3.56,59,85.07,50.93,Overheat,Inspect cooling system
Well 739,80.74,4.94,96.65,85.23,52.49,Overheat,Inspect cooling system
Well 740,76.39,5.31,16.8,74.67,67.28,Overheat,Inspect cooling system
Well 741,82.39,8.62,42.91,94.26,73.12,Normal,—
Well 742,71.1,7.87,30.28,89.04,36.64,Normal,—
Well 743,102.33,8.15,27.62,85.42,32.14,Overheat,Inspect cooling system
Well 744,85.19,2.09,22.67,43.34,89.66,Pressure Drop,Check valve integrity
Well 745,66.25,5.33,66.02,40.41,43.96,Pressure Drop,Check valve integrity
Well 746,112.97,5.85,80.32,52.75,33.23,Normal,—
Well 747,76.87,2.15,62.05,79.81,41.39,Overheat,Inspect cooling system
Well 748,88.05,4.08,23.23,64.67,32.34,Pressure Drop,Check valve integrity
Well 749,113.45,8.08,83,64.14,53.51,Pressure Drop,Check valve integrity
Well 750,93.7,3.1,67.24,93.08,78.14,Pressure Drop,Check valve integrity
Well 751,58.18,6.28,44.93,93.73,50.47,Normal,—
Well 752,115.79,3.72,70.67,94.55,56.65,Overheat,Inspect cooling system
Well 753,93.94,2.1,33.39,58.83,70.54,Leak Detected,Check seals and pipelines
Well 754,73.44,3.93,41.07,81.46,60.53,Overheat,Inspect cooling system
Well 755,59.75,9.81,92.57,56.3,81.69,Overheat,Inspect cooling system
Well 756,105.58,8.41,36.15,51.44,81.96,Normal,—
Well 757,93.41,9.68,52.3,51.08,30.59,Pressure Drop,Check valve integrity
Well 758,87.34,5.9,90.11,60.53,76.68,Pressure Drop,Check valve integrity
Well 759,112.57,2.88,73.69,65.8,57.64,Normal,—
Well 760,105.2,6.38,15.6,89.86,89.33,Normal,—
Well 761,60.62,5.64,23.26,47.19,58.99,Normal,—
Well 762,71.82,8.75,10.71,84.1,89.21,Normal,—
Well 763,67.39,2.78,66.78,71.89,75.27,Normal,—
Well 764,102.08,5.91,50.29,57.28,44.92,Leak Detected,Check seals and pipelines
Well 765,52.35,3.2,22.08,69.57,62.3,Overheat,Inspect cooling system
Well 766,89.89,4.6,96.21,58,89.53,Overheat,Inspect cooling system
Well 767,103.37,7.9,57.67,75.76,81.45,Overheat,Inspect cooling system
Well 768,111.37,5.81,31.77,66.03,35.84,Pressure Drop,Check valve integrity
Well 769,73.95,5.01,55.05,49.86,72.38,Leak Detected,Check seals and pipelines
Well 770,107.49,5.16,71.17,46.99,50.73,Overheat,Inspect cooling system
Well 771,57.74,5.68,16.86,72.8,30.42,Pressure Drop,Check valve integrity
Well 772,109.25,8.28,34.72,94.14,54.21,Leak Detected,Check seals and pipelines
Well 773,58.92,9.14,82.63,60.64,44.09,Leak Detected,Check seals and pipelines
Well 774,77.81,9.64,51.37,83.98,79.13,Pressure Drop,Check valve integrity
Well 775,105.81,8.3,59.19,79.52,50.24,Leak Detected,Check seals and pipelines
Well 776,60.49,4.52,48.95,95.89,79.65,Pressure Drop,Check valve integrity
Well 777,66.05,7.51,13.95,89.26,30.04,Overheat,Inspect cooling system
Well 778,100.56,5.5,24.92,74,48.47,Pressure Drop,Check valve integrity
Well 779,100.4,4.04,50.1,79.42,44.47,Leak Detected,Check seals and pipelines
Well 780,94.88,8.73,28.83,93.9,44.01,Overheat,Inspect cooling system
Well 781,98.58,2.31,14.5,63.97,34.09,Overheat,Inspect cooling system
Well 782,87.99,9.21,85.93,59.61,41.23,Normal,—
Well 783,67.63,5.69,98.31,40.65,63.33,Normal,—
Well 784,74.2,7.1,81.38,89.59,47.48,Leak Detected,Check seals and pipelines
Well 785,62.71,7.27,86.84,88.06,55.04,Pressure Drop,Check valve integrity
Well 786,113.59,9.16,31.78,46.27,52.61,Pressure Drop,Check valve integrity
Well 787,90.84,7.09,96.46,74.61,82.55,Leak Detected,Check seals and pipelines
Well 788,78.06,6.91,27.72,67.84,84.32,Overheat,Inspect cooling system
Well 789,82.34,2.53,95.63,47.12,59.58,Leak Detected,Check seals and pipelines
Well 790,116.31,6.15,99.53,98.83,49.81,Leak Detected,Check seals and pipelines
Well 791,60.73,3.2,74.06,52.88,36.41,Overheat,Inspect cooling system
Well 792,91.04,7.9,98.3,44.03,87.2,Pressure Drop,Check valve integrity
Well 793,85.41,6.1,61.26,75.69,33.61,Leak Detected,Check seals and pipelines
Well 794,92.8,7.44,33.36,84.33,47.86,Pressure Drop,Check valve integrity
Well 795,51.27,2.33,49.33,41.95,47.88,Leak Detected,Check seals and pipelines
Well 796,111.05,2.68,63.42,79.52,49.22,Overheat,Inspect cooling system
Well 797,115.25,7.73,16.58,71.94,39.86,Overheat,Inspect cooling system
Well 798,89.56,2.58,66.01,46.2,76.99,Normal,—
Well 799,98.77,2.57,98.31,50.35,37.35,Overheat,Inspect cooling system
Well 800,114.57,2.1,27.11,74.08,68.09,Normal,—
